Ssn, Bdate, Salary, Super_ssn, Dno, TEST
1, 551208, 25000, 7, 4, 0
2, 650109, 25000, 6, 5, 0
3, 690329, 25000, 7, 4, 0
4, 271110, 30000, 6, 5, 0
5, 620915, 38000, 6, 5, 0
6, 551208, 40000, 8, 5, 0
7, 551208, 43000, 8, 4, 0
8, 720731, 55000, 0, 1, 0
