Ssn, Bdate, Sex, Salary, Super_ssn, Dno
8, 720731, 0, 55000, 0, 1
8, 720731, 0, 55000, 0, 1
8, 720731, 0, 55000, 0, 1
8, 720731, 0, 55000, 0, 1
8, 720731, 0, 55000, 0, 1
8, 720731, 0, 55000, 0, 1
8, 720731, 0, 55000, 0, 1
8, 720731, 0, 55000, 0, 1
8, 720731, 0, 55000, 0, 1
8, 720731, 0, 55000, 0, 1
8, 720731, 0, 55000, 0, 1
8, 720731, 0, 55000, 0, 1
8, 720731, 0, 55000, 0, 1
8, 720731, 0, 55000, 0, 1
8, 720731, 0, 55000, 0, 1
8, 720731, 0, 55000, 0, 1
8, 720731, 0, 55000, 0, 1
8, 720731, 0, 55000, 0, 1
8, 720731, 0, 55000, 0, 1
8, 720731, 0, 55000, 0, 1
8, 720731, 0, 55000, 0, 1
8, 720731, 0, 55000, 0, 1
8, 720731, 0, 55000, 0, 1
8, 720731, 0, 55000, 0, 1
8, 720731, 0, 55000, 0, 1
8, 720731, 0, 55000, 0, 1
8, 720731, 0, 55000, 0, 1
8, 720731, 0, 55000, 0, 1
8, 720731, 0, 55000, 0, 1
8, 720731, 0, 55000, 0, 1
8, 720731, 0, 55000, 0, 1
8, 720731, 0, 55000, 0, 1
3, 690329, 0, 25000, 7, 4
3, 690329, 0, 25000, 7, 4
3, 690329, 0, 25000, 7, 4
3, 690329, 0, 25000, 7, 4
3, 690329, 0, 25000, 7, 4
3, 690329, 0, 25000, 7, 4
3, 690329, 0, 25000, 7, 4
3, 690329, 0, 25000, 7, 4
3, 690329, 0, 25000, 7, 4
3, 690329, 0, 25000, 7, 4
3, 690329, 0, 25000, 7, 4
3, 690329, 0, 25000, 7, 4
3, 690329, 0, 25000, 7, 4
3, 690329, 0, 25000, 7, 4
3, 690329, 0, 25000, 7, 4
3, 690329, 0, 25000, 7, 4
3, 690329, 0, 25000, 7, 4
3, 690329, 0, 25000, 7, 4
3, 690329, 0, 25000, 7, 4
3, 690329, 0, 25000, 7, 4
3, 690329, 0, 25000, 7, 4
3, 690329, 0, 25000, 7, 4
3, 690329, 0, 25000, 7, 4
3, 690329, 0, 25000, 7, 4
3, 690329, 0, 25000, 7, 4
3, 690329, 0, 25000, 7, 4
3, 690329, 0, 25000, 7, 4
3, 690329, 0, 25000, 7, 4
3, 690329, 0, 25000, 7, 4
3, 690329, 0, 25000, 7, 4
3, 690329, 0, 25000, 7, 4
3, 690329, 0, 25000, 7, 4
2, 650109, 1, 25000, 6, 5
2, 650109, 1, 25000, 6, 5
2, 650109, 1, 25000, 6, 5
2, 650109, 1, 25000, 6, 5
2, 650109, 1, 25000, 6, 5
2, 650109, 1, 25000, 6, 5
2, 650109, 1, 25000, 6, 5
2, 650109, 1, 25000, 6, 5
2, 650109, 1, 25000, 6, 5
2, 650109, 1, 25000, 6, 5
2, 650109, 1, 25000, 6, 5
2, 650109, 1, 25000, 6, 5
2, 650109, 1, 25000, 6, 5
2, 650109, 1, 25000, 6, 5
2, 650109, 1, 25000, 6, 5
2, 650109, 1, 25000, 6, 5
2, 650109, 1, 25000, 6, 5
2, 650109, 1, 25000, 6, 5
2, 650109, 1, 25000, 6, 5
2, 650109, 1, 25000, 6, 5
2, 650109, 1, 25000, 6, 5
2, 650109, 1, 25000, 6, 5
2, 650109, 1, 25000, 6, 5
2, 650109, 1, 25000, 6, 5
2, 650109, 1, 25000, 6, 5
2, 650109, 1, 25000, 6, 5
2, 650109, 1, 25000, 6, 5
2, 650109, 1, 25000, 6, 5
2, 650109, 1, 25000, 6, 5
2, 650109, 1, 25000, 6, 5
2, 650109, 1, 25000, 6, 5
2, 650109, 1, 25000, 6, 5
5, 620915, 0, 38000, 6, 5
5, 620915, 0, 38000, 6, 5
5, 620915, 0, 38000, 6, 5
5, 620915, 0, 38000, 6, 5
5, 620915, 0, 38000, 6, 5
5, 620915, 0, 38000, 6, 5
5, 620915, 0, 38000, 6, 5
5, 620915, 0, 38000, 6, 5
5, 620915, 0, 38000, 6, 5
5, 620915, 0, 38000, 6, 5
5, 620915, 0, 38000, 6, 5
5, 620915, 0, 38000, 6, 5
5, 620915, 0, 38000, 6, 5
5, 620915, 0, 38000, 6, 5
5, 620915, 0, 38000, 6, 5
5, 620915, 0, 38000, 6, 5
5, 620915, 0, 38000, 6, 5
5, 620915, 0, 38000, 6, 5
5, 620915, 0, 38000, 6, 5
5, 620915, 0, 38000, 6, 5
5, 620915, 0, 38000, 6, 5
5, 620915, 0, 38000, 6, 5
5, 620915, 0, 38000, 6, 5
5, 620915, 0, 38000, 6, 5
5, 620915, 0, 38000, 6, 5
5, 620915, 0, 38000, 6, 5
5, 620915, 0, 38000, 6, 5
5, 620915, 0, 38000, 6, 5
5, 620915, 0, 38000, 6, 5
5, 620915, 0, 38000, 6, 5
5, 620915, 0, 38000, 6, 5
5, 620915, 0, 38000, 6, 5
1, 551208, 1, 25000, 7, 4
7, 551208, 1, 43000, 8, 4
6, 551208, 0, 40000, 8, 5
1, 551208, 1, 25000, 7, 4
7, 551208, 1, 43000, 8, 4
6, 551208, 0, 40000, 8, 5
1, 551208, 1, 25000, 7, 4
7, 551208, 1, 43000, 8, 4
6, 551208, 0, 40000, 8, 5
1, 551208, 1, 25000, 7, 4
7, 551208, 1, 43000, 8, 4
6, 551208, 0, 40000, 8, 5
1, 551208, 1, 25000, 7, 4
7, 551208, 1, 43000, 8, 4
6, 551208, 0, 40000, 8, 5
1, 551208, 1, 25000, 7, 4
1, 551208, 1, 25000, 7, 4
7, 551208, 1, 43000, 8, 4
6, 551208, 0, 40000, 8, 5
1, 551208, 1, 25000, 7, 4
7, 551208, 1, 43000, 8, 4
6, 551208, 0, 40000, 8, 5
1, 551208, 1, 25000, 7, 4
7, 551208, 1, 43000, 8, 4
6, 551208, 0, 40000, 8, 5
1, 551208, 1, 25000, 7, 4
7, 551208, 1, 43000, 8, 4
6, 551208, 0, 40000, 8, 5
1, 551208, 1, 25000, 7, 4
7, 551208, 1, 43000, 8, 4
6, 551208, 0, 40000, 8, 5
1, 551208, 1, 25000, 7, 4
7, 551208, 1, 43000, 8, 4
6, 551208, 0, 40000, 8, 5
1, 551208, 1, 25000, 7, 4
7, 551208, 1, 43000, 8, 4
6, 551208, 0, 40000, 8, 5
1, 551208, 1, 25000, 7, 4
7, 551208, 1, 43000, 8, 4
6, 551208, 0, 40000, 8, 5
1, 551208, 1, 25000, 7, 4
7, 551208, 1, 43000, 8, 4
6, 551208, 0, 40000, 8, 5
1, 551208, 1, 25000, 7, 4
7, 551208, 1, 43000, 8, 4
6, 551208, 0, 40000, 8, 5
1, 551208, 1, 25000, 7, 4
7, 551208, 1, 43000, 8, 4
6, 551208, 0, 40000, 8, 5
1, 551208, 1, 25000, 7, 4
7, 551208, 1, 43000, 8, 4
6, 551208, 0, 40000, 8, 5
1, 551208, 1, 25000, 7, 4
7, 551208, 1, 43000, 8, 4
6, 551208, 0, 40000, 8, 5
1, 551208, 1, 25000, 7, 4
7, 551208, 1, 43000, 8, 4
6, 551208, 0, 40000, 8, 5
1, 551208, 1, 25000, 7, 4
7, 551208, 1, 43000, 8, 4
6, 551208, 0, 40000, 8, 5
1, 551208, 1, 25000, 7, 4
7, 551208, 1, 43000, 8, 4
6, 551208, 0, 40000, 8, 5
1, 551208, 1, 25000, 7, 4
7, 551208, 1, 43000, 8, 4
6, 551208, 0, 40000, 8, 5
1, 551208, 1, 25000, 7, 4
7, 551208, 1, 43000, 8, 4
6, 551208, 0, 40000, 8, 5
1, 551208, 1, 25000, 7, 4
7, 551208, 1, 43000, 8, 4
6, 551208, 0, 40000, 8, 5
1, 551208, 1, 25000, 7, 4
7, 551208, 1, 43000, 8, 4
6, 551208, 0, 40000, 8, 5
6, 551208, 0, 40000, 8, 5
1, 551208, 1, 25000, 7, 4
7, 551208, 1, 43000, 8, 4
6, 551208, 0, 40000, 8, 5
1, 551208, 1, 25000, 7, 4
7, 551208, 1, 43000, 8, 4
6, 551208, 0, 40000, 8, 5
1, 551208, 1, 25000, 7, 4
7, 551208, 1, 43000, 8, 4
6, 551208, 0, 40000, 8, 5
1, 551208, 1, 25000, 7, 4
7, 551208, 1, 43000, 8, 4
6, 551208, 0, 40000, 8, 5
1, 551208, 1, 25000, 7, 4
7, 551208, 1, 43000, 8, 4
6, 551208, 0, 40000, 8, 5
7, 551208, 1, 43000, 8, 4
6, 551208, 0, 40000, 8, 5
1, 551208, 1, 25000, 7, 4
7, 551208, 1, 43000, 8, 4
4, 271110, 0, 30000, 6, 5
4, 271110, 0, 30000, 6, 5
4, 271110, 0, 30000, 6, 5
4, 271110, 0, 30000, 6, 5
4, 271110, 0, 30000, 6, 5
4, 271110, 0, 30000, 6, 5
4, 271110, 0, 30000, 6, 5
4, 271110, 0, 30000, 6, 5
4, 271110, 0, 30000, 6, 5
4, 271110, 0, 30000, 6, 5
4, 271110, 0, 30000, 6, 5
4, 271110, 0, 30000, 6, 5
4, 271110, 0, 30000, 6, 5
4, 271110, 0, 30000, 6, 5
4, 271110, 0, 30000, 6, 5
4, 271110, 0, 30000, 6, 5
4, 271110, 0, 30000, 6, 5
4, 271110, 0, 30000, 6, 5
4, 271110, 0, 30000, 6, 5
4, 271110, 0, 30000, 6, 5
4, 271110, 0, 30000, 6, 5
4, 271110, 0, 30000, 6, 5
4, 271110, 0, 30000, 6, 5
4, 271110, 0, 30000, 6, 5
4, 271110, 0, 30000, 6, 5
4, 271110, 0, 30000, 6, 5
4, 271110, 0, 30000, 6, 5
4, 271110, 0, 30000, 6, 5
4, 271110, 0, 30000, 6, 5
4, 271110, 0, 30000, 6, 5
4, 271110, 0, 30000, 6, 5
4, 271110, 0, 30000, 6, 5
